{"format": "graph-model", "generatedBy": "2.19.0", "convertedBy": "TensorFlow.js Converter v4.22.0", "signature": {"inputs": {"keras_tensor": {"name": "keras_tensor:0", "dtype": "DT_FLOAT", "tensorShape": {"dim": [{"size": "-1"}, {"size": "150"}, {"size": "150"}, {"size": "3"}]}}}, "outputs": {"output_0": {"name": "Identity:0", "dtype": "DT_FLOAT", "tensorShape": {"dim": [{"size": "-1"}, {"size": "5"}]}}}}, "modelTopology": {"node": [{"name": "StatefulPartitionedCall/sequential_1/conv2d_1/convolution/ReadVariableOp", "op": "Const", "attr": {"value": {"tensor": {"dtype": "DT_FLOAT", "tensorShape": {"dim": [{"size": "3"}, {"size": "3"}, {"size": "3"}, {"size": "32"}]}}}, "dtype": {"type": "DT_FLOAT"}}}, {"name": "StatefulPartitionedCall/sequential_1/conv2d_1/Squeeze", "op": "Const", "attr": {"value": {"tensor": {"dtype": "DT_FLOAT", "tensorShape": {"dim": [{"size": "32"}]}}}, "dtype": {"type": "DT_FLOAT"}}}, {"name": "StatefulPartitionedCall/sequential_1/batch_normalization_1/batchnorm/mul", "op": "Const", "attr": {"value": {"tensor": {"dtype": "DT_FLOAT", "tensorShape": {"dim": [{"size": "32"}]}}}, "dtype": {"type": "DT_FLOAT"}}}, {"name": "StatefulPartitionedCall/sequential_1/batch_normalization_1/batchnorm/sub", "op": "Const", "attr": {"value": {"tensor": {"dtype": "DT_FLOAT", "tensorShape": {"dim": [{"size": "32"}]}}}, "dtype": {"type": "DT_FLOAT"}}}, {"name": "StatefulPartitionedCall/sequential_1/conv2d_1_2/convolution/ReadVariableOp", "op": "Const", "attr": {"value": {"tensor": {"dtype": "DT_FLOAT", "tensorShape": {"dim": [{"size": "3"}, {"size": "3"}, {"size": "32"}, {"size": "64"}]}}}, "dtype": {"type": "DT_FLOAT"}}}, {"name": "StatefulPartitionedCall/sequential_1/conv2d_1_2/Squeeze", "op": "Const", "attr": {"value": {"tensor": {"dtype": "DT_FLOAT", "tensorShape": {"dim": [{"size": "64"}]}}}, "dtype": {"type": "DT_FLOAT"}}}, {"name": "StatefulPartitionedCall/sequential_1/batch_normalization_1_2/batchnorm/mul", "op": "Const", "attr": {"value": {"tensor": {"dtype": "DT_FLOAT", "tensorShape": {"dim": [{"size": "64"}]}}}, "dtype": {"type": "DT_FLOAT"}}}, {"name": "StatefulPartitionedCall/sequential_1/batch_normalization_1_2/batchnorm/sub", "op": "Const", "attr": {"value": {"tensor": {"dtype": "DT_FLOAT", "tensorShape": {"dim": [{"size": "64"}]}}}, "dtype": {"type": "DT_FLOAT"}}}, {"name": "StatefulPartitionedCall/sequential_1/conv2d_2_1/convolution/ReadVariableOp", "op": "Const", "attr": {"value": {"tensor": {"dtype": "DT_FLOAT", "tensorShape": {"dim": [{"size": "3"}, {"size": "3"}, {"size": "64"}, {"size": "128"}]}}}, "dtype": {"type": "DT_FLOAT"}}}, {"name": "StatefulPartitionedCall/sequential_1/conv2d_2_1/Squeeze", "op": "Const", "attr": {"value": {"tensor": {"dtype": "DT_FLOAT", "tensorShape": {"dim": [{"size": "128"}]}}}, "dtype": {"type": "DT_FLOAT"}}}, {"name": "StatefulPartitionedCall/sequential_1/batch_normalization_2_1/batchnorm/mul", "op": "Const", "attr": {"value": {"tensor": {"dtype": "DT_FLOAT", "tensorShape": {"dim": [{"size": "128"}]}}}, "dtype": {"type": "DT_FLOAT"}}}, {"name": "StatefulPartitionedCall/sequential_1/batch_normalization_2_1/batchnorm/sub", "op": "Const", "attr": {"value": {"tensor": {"dtype": "DT_FLOAT", "tensorShape": {"dim": [{"size": "128"}]}}}, "dtype": {"type": "DT_FLOAT"}}}, {"name": "StatefulPartitionedCall/sequential_1/flatten_1/Reshape/shape", "op": "Const", "attr": {"value": {"tensor": {"dtype": "DT_INT32", "tensorShape": {"dim": [{"size": "2"}]}}}, "dtype": {"type": "DT_INT32"}}}, {"name": "StatefulPartitionedCall/sequential_1/dense_1/Cast/ReadVariableOp", "op": "Const", "attr": {"value": {"tensor": {"dtype": "DT_FLOAT", "tensorShape": {"dim": [{"size": "41472"}, {"size": "256"}]}}}, "dtype": {"type": "DT_FLOAT"}}}, {"name": "StatefulPartitionedCall/sequential_1/dense_1/BiasAdd/ReadVariableOp", "op": "Const", "attr": {"value": {"tensor": {"dtype": "DT_FLOAT", "tensorShape": {"dim": [{"size": "256"}]}}}, "dtype": {"type": "DT_FLOAT"}}}, {"name": "StatefulPartitionedCall/sequential_1/batch_normalization_3_1/batchnorm/mul", "op": "Const", "attr": {"value": {"tensor": {"dtype": "DT_FLOAT", "tensorShape": {"dim": [{"size": "256"}]}}}, "dtype": {"type": "DT_FLOAT"}}}, {"name": "StatefulPartitionedCall/sequential_1/batch_normalization_3_1/batchnorm/sub", "op": "Const", "attr": {"value": {"tensor": {"dtype": "DT_FLOAT", "tensorShape": {"dim": [{"size": "256"}]}}}, "dtype": {"type": "DT_FLOAT"}}}, {"name": "StatefulPartitionedCall/sequential_1/dense_1_2/Cast/ReadVariableOp", "op": "Const", "attr": {"value": {"tensor": {"dtype": "DT_FLOAT", "tensorShape": {"dim": [{"size": "256"}, {"size": "5"}]}}}, "dtype": {"type": "DT_FLOAT"}}}, {"name": "StatefulPartitionedCall/sequential_1/dense_1_2/BiasAdd/ReadVariableOp", "op": "Const", "attr": {"value": {"tensor": {"dtype": "DT_FLOAT", "tensorShape": {"dim": [{"size": "5"}]}}}, "dtype": {"type": "DT_FLOAT"}}}, {"name": "keras_tensor", "op": "Placeholder", "attr": {"shape": {"shape": {"dim": [{"size": "-1"}, {"size": "150"}, {"size": "150"}, {"size": "3"}]}}, "dtype": {"type": "DT_FLOAT"}}}, {"name": "StatefulPartitionedCall/sequential_1/conv2d_1/BiasAdd", "op": "_FusedConv2D", "input": ["keras_tensor", "StatefulPartitionedCall/sequential_1/conv2d_1/convolution/ReadVariableOp", "StatefulPartitionedCall/sequential_1/conv2d_1/Squeeze"], "device": "/device:CPU:0", "attr": {"num_host_args": {"i": "0"}, "data_format": {"s": "TkhXQw=="}, "filter_format": {"s": "SFdJTw=="}, "fused_ops": {"list": {"s": ["Qmlhc0FkZA=="]}}, "num_args": {"i": "1"}, "strides": {"list": {"i": ["1", "1", "1", "1"]}}, "TArgs": {"list": {"type": ["DT_FLOAT"]}}, "padding": {"s": "U0FNRQ=="}, "use_cudnn_on_gpu": {"b": true}, "leakyrelu_alpha": {"f": 0.2}, "epsilon": {"f": 0.0}, "T": {"type": "DT_FLOAT"}, "explicit_paddings": {"list": {}}, "dilations": {"list": {"i": ["1", "1", "1", "1"]}}}}, {"name": "StatefulPartitionedCall/sequential_1/batch_normalization_1/batchnorm/mul_1", "op": "Mul", "input": ["StatefulPartitionedCall/sequential_1/conv2d_1/BiasAdd", "StatefulPartitionedCall/sequential_1/batch_normalization_1/batchnorm/mul"], "attr": {"T": {"type": "DT_FLOAT"}}}, {"name": "StatefulPartitionedCall/sequential_1/batch_normalization_1/batchnorm/add_1", "op": "AddV2", "input": ["StatefulPartitionedCall/sequential_1/batch_normalization_1/batchnorm/mul_1", "StatefulPartitionedCall/sequential_1/batch_normalization_1/batchnorm/sub"], "attr": {"T": {"type": "DT_FLOAT"}}}, {"name": "StatefulPartitionedCall/sequential_1/max_pooling2d_1/MaxPool2d", "op": "MaxPool", "input": ["StatefulPartitionedCall/sequential_1/batch_normalization_1/batchnorm/add_1"], "attr": {"ksize": {"list": {"i": ["1", "2", "2", "1"]}}, "data_format": {"s": "TkhXQw=="}, "T": {"type": "DT_FLOAT"}, "explicit_paddings": {"list": {}}, "padding": {"s": "VkFMSUQ="}, "strides": {"list": {"i": ["1", "2", "2", "1"]}}}}, {"name": "StatefulPartitionedCall/sequential_1/activation_1/Relu", "op": "Relu", "input": ["StatefulPartitionedCall/sequential_1/max_pooling2d_1/MaxPool2d"], "attr": {"T": {"type": "DT_FLOAT"}}}, {"name": "StatefulPartitionedCall/sequential_1/conv2d_1_2/BiasAdd", "op": "_FusedConv2D", "input": ["StatefulPartitionedCall/sequential_1/activation_1/Relu", "StatefulPartitionedCall/sequential_1/conv2d_1_2/convolution/ReadVariableOp", "StatefulPartitionedCall/sequential_1/conv2d_1_2/Squeeze"], "device": "/device:CPU:0", "attr": {"num_host_args": {"i": "0"}, "data_format": {"s": "TkhXQw=="}, "filter_format": {"s": "SFdJTw=="}, "fused_ops": {"list": {"s": ["Qmlhc0FkZA=="]}}, "num_args": {"i": "1"}, "strides": {"list": {"i": ["1", "1", "1", "1"]}}, "TArgs": {"list": {"type": ["DT_FLOAT"]}}, "padding": {"s": "U0FNRQ=="}, "use_cudnn_on_gpu": {"b": true}, "leakyrelu_alpha": {"f": 0.2}, "epsilon": {"f": 0.0}, "T": {"type": "DT_FLOAT"}, "explicit_paddings": {"list": {}}, "dilations": {"list": {"i": ["1", "1", "1", "1"]}}}}, {"name": "StatefulPartitionedCall/sequential_1/batch_normalization_1_2/batchnorm/mul_1", "op": "Mul", "input": ["StatefulPartitionedCall/sequential_1/conv2d_1_2/BiasAdd", "StatefulPartitionedCall/sequential_1/batch_normalization_1_2/batchnorm/mul"], "attr": {"T": {"type": "DT_FLOAT"}}}, {"name": "StatefulPartitionedCall/sequential_1/batch_normalization_1_2/batchnorm/add_1", "op": "AddV2", "input": ["StatefulPartitionedCall/sequential_1/batch_normalization_1_2/batchnorm/mul_1", "StatefulPartitionedCall/sequential_1/batch_normalization_1_2/batchnorm/sub"], "attr": {"T": {"type": "DT_FLOAT"}}}, {"name": "StatefulPartitionedCall/sequential_1/max_pooling2d_1_2/MaxPool2d", "op": "MaxPool", "input": ["StatefulPartitionedCall/sequential_1/batch_normalization_1_2/batchnorm/add_1"], "attr": {"ksize": {"list": {"i": ["1", "2", "2", "1"]}}, "data_format": {"s": "TkhXQw=="}, "T": {"type": "DT_FLOAT"}, "explicit_paddings": {"list": {}}, "padding": {"s": "VkFMSUQ="}, "strides": {"list": {"i": ["1", "2", "2", "1"]}}}}, {"name": "StatefulPartitionedCall/sequential_1/activation_1_2/Relu", "op": "Relu", "input": ["StatefulPartitionedCall/sequential_1/max_pooling2d_1_2/MaxPool2d"], "attr": {"T": {"type": "DT_FLOAT"}}}, {"name": "StatefulPartitionedCall/sequential_1/conv2d_2_1/BiasAdd", "op": "_FusedConv2D", "input": ["StatefulPartitionedCall/sequential_1/activation_1_2/Relu", "StatefulPartitionedCall/sequential_1/conv2d_2_1/convolution/ReadVariableOp", "StatefulPartitionedCall/sequential_1/conv2d_2_1/Squeeze"], "device": "/device:CPU:0", "attr": {"num_host_args": {"i": "0"}, "data_format": {"s": "TkhXQw=="}, "filter_format": {"s": "SFdJTw=="}, "strides": {"list": {"i": ["1", "1", "1", "1"]}}, "num_args": {"i": "1"}, "fused_ops": {"list": {"s": ["Qmlhc0FkZA=="]}}, "TArgs": {"list": {"type": ["DT_FLOAT"]}}, "padding": {"s": "U0FNRQ=="}, "use_cudnn_on_gpu": {"b": true}, "leakyrelu_alpha": {"f": 0.2}, "epsilon": {"f": 0.0}, "T": {"type": "DT_FLOAT"}, "explicit_paddings": {"list": {}}, "dilations": {"list": {"i": ["1", "1", "1", "1"]}}}}, {"name": "StatefulPartitionedCall/sequential_1/batch_normalization_2_1/batchnorm/mul_1", "op": "Mul", "input": ["StatefulPartitionedCall/sequential_1/conv2d_2_1/BiasAdd", "StatefulPartitionedCall/sequential_1/batch_normalization_2_1/batchnorm/mul"], "attr": {"T": {"type": "DT_FLOAT"}}}, {"name": "StatefulPartitionedCall/sequential_1/batch_normalization_2_1/batchnorm/add_1", "op": "AddV2", "input": ["StatefulPartitionedCall/sequential_1/batch_normalization_2_1/batchnorm/mul_1", "StatefulPartitionedCall/sequential_1/batch_normalization_2_1/batchnorm/sub"], "attr": {"T": {"type": "DT_FLOAT"}}}, {"name": "StatefulPartitionedCall/sequential_1/max_pooling2d_2_1/MaxPool2d", "op": "MaxPool", "input": ["StatefulPartitionedCall/sequential_1/batch_normalization_2_1/batchnorm/add_1"], "attr": {"padding": {"s": "VkFMSUQ="}, "data_format": {"s": "TkhXQw=="}, "T": {"type": "DT_FLOAT"}, "explicit_paddings": {"list": {}}, "ksize": {"list": {"i": ["1", "2", "2", "1"]}}, "strides": {"list": {"i": ["1", "2", "2", "1"]}}}}, {"name": "StatefulPartitionedCall/sequential_1/activation_2_1/Relu", "op": "Relu", "input": ["StatefulPartitionedCall/sequential_1/max_pooling2d_2_1/MaxPool2d"], "attr": {"T": {"type": "DT_FLOAT"}}}, {"name": "StatefulPartitionedCall/sequential_1/flatten_1/Reshape", "op": "Reshape", "input": ["StatefulPartitionedCall/sequential_1/activation_2_1/Relu", "StatefulPartitionedCall/sequential_1/flatten_1/Reshape/shape"], "attr": {"T": {"type": "DT_FLOAT"}, "Tshape": {"type": "DT_INT32"}}}, {"name": "StatefulPartitionedCall/sequential_1/dense_1/Relu", "op": "_FusedMatMul", "input": ["StatefulPartitionedCall/sequential_1/flatten_1/Reshape", "StatefulPartitionedCall/sequential_1/dense_1/Cast/ReadVariableOp", "StatefulPartitionedCall/sequential_1/dense_1/BiasAdd/ReadVariableOp"], "device": "/device:CPU:0", "attr": {"transpose_a": {"b": false}, "transpose_b": {"b": false}, "fused_ops": {"list": {"s": ["Qmlhc0FkZA==", "UmVsdQ=="]}}, "leakyrelu_alpha": {"f": 0.2}, "num_args": {"i": "1"}, "epsilon": {"f": 0.0}, "T": {"type": "DT_FLOAT"}}}, {"name": "StatefulPartitionedCall/sequential_1/batch_normalization_3_1/batchnorm/mul_1", "op": "Mul", "input": ["StatefulPartitionedCall/sequential_1/dense_1/Relu", "StatefulPartitionedCall/sequential_1/batch_normalization_3_1/batchnorm/mul"], "attr": {"T": {"type": "DT_FLOAT"}}}, {"name": "StatefulPartitionedCall/sequential_1/batch_normalization_3_1/batchnorm/add_1", "op": "AddV2", "input": ["StatefulPartitionedCall/sequential_1/batch_normalization_3_1/batchnorm/mul_1", "StatefulPartitionedCall/sequential_1/batch_normalization_3_1/batchnorm/sub"], "attr": {"T": {"type": "DT_FLOAT"}}}, {"name": "StatefulPartitionedCall/sequential_1/dense_1_2/BiasAdd", "op": "_FusedMatMul", "input": ["StatefulPartitionedCall/sequential_1/batch_normalization_3_1/batchnorm/add_1", "StatefulPartitionedCall/sequential_1/dense_1_2/Cast/ReadVariableOp", "StatefulPartitionedCall/sequential_1/dense_1_2/BiasAdd/ReadVariableOp"], "device": "/device:CPU:0", "attr": {"transpose_a": {"b": false}, "transpose_b": {"b": false}, "fused_ops": {"list": {"s": ["Qmlhc0FkZA=="]}}, "num_args": {"i": "1"}, "leakyrelu_alpha": {"f": 0.2}, "epsilon": {"f": 0.0}, "T": {"type": "DT_FLOAT"}}}, {"name": "StatefulPartitionedCall/sequential_1/dense_1_2/Softmax", "op": "Softmax", "input": ["StatefulPartitionedCall/sequential_1/dense_1_2/BiasAdd"], "attr": {"T": {"type": "DT_FLOAT"}}}, {"name": "Identity", "op": "Identity", "input": ["StatefulPartitionedCall/sequential_1/dense_1_2/Softmax"], "attr": {"T": {"type": "DT_FLOAT"}}}], "library": {}, "versions": {"producer": 2129}}, "weightsManifest": [{"paths": ["group1-shard1of11.bin", "group1-shard2of11.bin", "group1-shard3of11.bin", "group1-shard4of11.bin", "group1-shard5of11.bin", "group1-shard6of11.bin", "group1-shard7of11.bin", "group1-shard8of11.bin", "group1-shard9of11.bin", "group1-shard10of11.bin", "group1-shard11of11.bin"], "weights": [{"name": "StatefulPartitionedCall/sequential_1/conv2d_1/convolution/ReadVariableOp", "shape": [3, 3, 3, 32], "dtype": "float32"}, {"name": "StatefulPartitionedCall/sequential_1/conv2d_1/Squeeze", "shape": [32], "dtype": "float32"}, {"name": "StatefulPartitionedCall/sequential_1/batch_normalization_1/batchnorm/mul", "shape": [32], "dtype": "float32"}, {"name": "StatefulPartitionedCall/sequential_1/batch_normalization_1/batchnorm/sub", "shape": [32], "dtype": "float32"}, {"name": "StatefulPartitionedCall/sequential_1/conv2d_1_2/convolution/ReadVariableOp", "shape": [3, 3, 32, 64], "dtype": "float32"}, {"name": "StatefulPartitionedCall/sequential_1/conv2d_1_2/Squeeze", "shape": [64], "dtype": "float32"}, {"name": "StatefulPartitionedCall/sequential_1/batch_normalization_1_2/batchnorm/mul", "shape": [64], "dtype": "float32"}, {"name": "StatefulPartitionedCall/sequential_1/batch_normalization_1_2/batchnorm/sub", "shape": [64], "dtype": "float32"}, {"name": "StatefulPartitionedCall/sequential_1/conv2d_2_1/convolution/ReadVariableOp", "shape": [3, 3, 64, 128], "dtype": "float32"}, {"name": "StatefulPartitionedCall/sequential_1/conv2d_2_1/Squeeze", "shape": [128], "dtype": "float32"}, {"name": "StatefulPartitionedCall/sequential_1/batch_normalization_2_1/batchnorm/mul", "shape": [128], "dtype": "float32"}, {"name": "StatefulPartitionedCall/sequential_1/batch_normalization_2_1/batchnorm/sub", "shape": [128], "dtype": "float32"}, {"name": "StatefulPartitionedCall/sequential_1/flatten_1/Reshape/shape", "shape": [2], "dtype": "int32"}, {"name": "StatefulPartitionedCall/sequential_1/dense_1/Cast/ReadVariableOp", "shape": [41472, 256], "dtype": "float32"}, {"name": "StatefulPartitionedCall/sequential_1/dense_1/BiasAdd/ReadVariableOp", "shape": [256], "dtype": "float32"}, {"name": "StatefulPartitionedCall/sequential_1/batch_normalization_3_1/batchnorm/mul", "shape": [256], "dtype": "float32"}, {"name": "StatefulPartitionedCall/sequential_1/batch_normalization_3_1/batchnorm/sub", "shape": [256], "dtype": "float32"}, {"name": "StatefulPartitionedCall/sequential_1/dense_1_2/Cast/ReadVariableOp", "shape": [256, 5], "dtype": "float32"}, {"name": "StatefulPartitionedCall/sequential_1/dense_1_2/BiasAdd/ReadVariableOp", "shape": [5], "dtype": "float32"}]}]}